{"cameraMode":{"drawMode":0,"name":"Shaded","section":"Shading Mode"},"sceneLighting":true,"audioPlay":false,"sceneViewState":{"showFog":true,"showMaterialUpdate":false,"showSkybox":false,"showFlares":true,"showImageEffects":true,"showParticleSystems":true},"in2DMode":false,"pivot":{"x":2.0434696674346926,"y":7.977320194244385,"z":-49.82461929321289},"rotation":{"x":-0.16865362226963044,"y":0.06263992935419083,"z":-0.010740329511463642,"w":-0.9836243391036987},"size":22.0,"orthographic":false}